query,correct_source,correct_type,reference_retrieval,reference_generation
What is the minimum capital requirement for a foreign bank that wants to operate in Singapore through a branch?,ba,factual,ba-1970-9.1,A foreign bank must have head office capital funds of at least the equivalent of  $200 million to operate in Singapore through a branch.
"What financial statements and reports must a bank submit to the Authority and publish annually, and within what timeframes must these actions be completed?",ba,factual,"ba-1970-25.2, ba-1970-26.2","Under the Banking Act 1970, a bank must both publish and submit specific financial statements and reports annually within the following timeframes:

Publication Requirements (Section 25(2)):
Under Section 25(2) of the Banking Act 1970, every bank is required to publish a copy of its latest audited annual balance sheet and profit and loss account within five months after the close of each financial year, or within such longer period as the Monetary Authority may approve. This publication must be carried out in a manner prescribed by regulations and must include at least the information specified by the Authority through written notice.

Submission Requirements (Section 26(2)):
According to Section 26(2), every bank must submit a comprehensive set of financial documents to the Authority no later than three months after the end of its financial year, unless an extension is granted. For banks incorporated in Singapore, this includes the latest audited financial statements required under section 201 of the Companies Act 1967. Banks incorporated outside Singapore must submit their latest audited annual balance sheet and profit and loss account, along with any accompanying notes. In addition, all banks are required to submit the auditors’ report, the directors’ report, an audited balance sheet showing assets and liabilities arising from operations in Singapore, and an audited profit and loss account reflecting profit or loss from those operations. Banks incorporated in Singapore must also submit interim profit and loss accounts as required by the Authority, which may further request any additional information necessary to clarify, expand upon, or support the submitted financial statements."
Is a bank allowed to appeal a licence revocation decision made by the Monetary Authority?,ba,factual,ba-1970-20.4,"Yes, a bank is allowed to appeal a licence revocation decision made by the Monetary Authority. According to Section 20(4) of the Banking Act 1970, any bank whose licence has been revoked has the right to appeal the revocation order to the General Division of the High Court."
What are the consequences for a bank that opens a new place of business or changes the location of an existing one without proper authorization?,ba,factual,ba-1970-12.7,"A bank that opens a new place of business or changes the location of an existing one without proper authorization from the Monetary Authority, or fails to comply with any conditions imposed in relation to such approval, is guilty of an offence under Section 12(7) of the Banking Act 1970 and is liable on conviction to a fine not exceeding $100,000, and in the case of a continuing offence, to a further fine not exceeding $10,000 for every day or part of a day during which the offence continues after conviction."
What are the restrictions on advertising credit card or charge card applications in Singapore?,ba,factual,"ba-1970-57.1, ba-1970-57.2, ba-1970-57.3, ba-1970-57.4, ba-1970-57.5, ba-1970-57.6, ba-1970-57.7, ba-1970-57.8, ba-1970-57.9","In Singapore, the restrictions on advertising credit card or charge card applications are governed by the Banking Act 1970. A person must not accept or receive any application for a credit card or charge card in Singapore unless they are a licensee (Banking Act 1970, 57(1)). Additionally, it is prohibited for any individual to accept or receive applications on behalf of a non-licensee or a prescribed person (Banking Act 1970, 57(2)).

Advertising restrictions are also in place, as it is forbidden to offer or invite the public to apply for a credit card or charge card unless it is issued by a licensee or a prescribed person (Banking Act 1970, 57(3)). This includes any advertisement that is intended to lead to such an application, whether directly or indirectly (Banking Act 1970, 57(4)). However, advertisements made outside Singapore in publications primarily circulated outside the country are exempt (Banking Act 1970, 57(5)).

In determining whether an advertisement targets the public in Singapore, specific prescribed factors will be taken into account (Banking Act 1970, 57(6)). Those who violate these regulations may face significant penalties, including fines and imprisonment (Banking Act 1970, 57(7)). However, publishers are not held liable if they can prove they acted in the ordinary course of business without knowledge of the violation (Banking Act 1970, 57(8)).

Finally, banks and other prescribed entities are exempt from certain restrictions outlined in the Act (Banking Act 1970, 57(9))."
"A bank is engaging in aggressive lending to high-risk sectors, such as speculative real estate investments, while failing to maintain sufficient capital reserves as required by regulation. How would this breach affect the bank’s ability to operate, and what regulatory consequences might arise?",ba,reasoning,"ba-1970-10.4, ba-1970-9a.6, ba-1970-10.5, ba-1970-49.7, ba-1970-10b.1, ba-1970-48aa.1","The bank’s aggressive lending to high-risk sectors while failing to maintain adequate capital reserves directly undermines its financial stability and liquidity. This breach can lead to several serious operational and regulatory consequences:

Operational Restrictions: Without sufficient capital, the bank becomes more vulnerable to market downturns and may be unable to meet depositor obligations. Regulatory authorities, under section 10(4), have the power to restrict or even suspend the bank’s operations if it fails to comply with capital adequacy notices (Banking Act 1970 10(4); Banking Act 1970 9A(6)).

Financial Penalties: In addition to operational restrictions, the bank may face significant fines. Sections 10(5) and 49(7) specify penalties up to $250,000, with additional daily fines for continuing offences, as a consequence of failing to meet the required capital standards (Banking Act 1970 10(5); Banking Act 1970 49(7)).

Mandatory Disclosures and Reputational Damage: The bank could also be compelled to publicly disclose detailed information regarding its operations and compliance measures under section 10B(1). Such disclosures can damage its reputation and erode public trust (Banking Act 1970 10B(1)).

Notification of Material Adverse Developments: If these breaches materially affect the bank’s financial soundness or its ability to conduct business, it must immediately inform the regulatory authority as required under section 48AA(1). This can lead to further scrutiny and additional regulatory actions (Banking Act 1970 48AA(1)).

Overall, these regulatory consequences not only restrict the bank's current operations but can also have long-lasting effects on its market reputation and financial viability."
"A bank has total deposits and liabilities amounting to $400 million. According to the regulatory requirements, the bank is mandated to maintain cash reserves equal to a percentage of its deposits and liabilities. How much must the bank maintain in reserves?",ba,reasoning,ba-1970-39.1,"According to Banking Act 39(1), the Authority may require the bank to maintain cash balances as reserves against its deposits and liabilities, not exceeding 30% of its total deposits and liabilities.Given that the bank has $400 million in total deposits and liabilities, we calculate the reserve requirement as:
Minimum Cash Balance = 400,000,000×0.30=120,000,000
Thus, the bank must maintain $120 million in cash reserves. Failure to meet this requirement could lead to regulatory consequences, including penalties or restrictions on the bank’s operations."
"In a situation where a bank fails to maintain the minimum reserve ratio while simultaneously engaging in prohibited foreign exchange speculation, how would these violations interact and affect the bank's regulatory standing?",ba,reasoning,"ba-1970-39.4, ba-1970-39a.8, ba-1970-29.6, ba-1970-9.5, ba-1970-9a.6a, ba-1970-49.7","If a bank fails to maintain the required minimum reserve ratio while also engaging in prohibited foreign exchange speculation, these violations would have significant implications for the bank's regulatory standing.

Firstly, under Banking Act 1970 Section 39(4), a bank must maintain sufficient cash balances as prescribed by the Authority. If the bank fails to maintain the minimum reserve ratio, the Authority has the right to issue an order requiring the bank to make up the deficiency. Non-compliance with such an order could lead to legal consequences, as per Section 39A(8), which makes the bank guilty of an offence and liable for a fine of up to $250,000, with additional daily fines for continuing offences.

Secondly, regarding prohibited activities, Banking Act 1970 Section 29(6) specifically prohibits certain types of business, including foreign exchange speculation that could lead to exposure and concentration risk. If the bank engages in such prohibited foreign exchange speculation, it could be fined up to $100,000, with continuing fines for each day the offence persists.

In such a scenario, the bank could face multiple sanctions simultaneously. The failure to maintain reserves could result in orders from the Authority to correct the deficiency, and non-compliance could further escalate into hefty fines. On the other hand, the prohibited foreign exchange speculation would bring fines and potential restrictions on its activities, as specified in Section 29(6).

Moreover, under Section 9(5) and Section 9A(6A), the Authority could suspend or restrict the bank’s operations if these violations indicate a failure to comply with capital requirements or any conditions of the bank's licence. If the bank continues to engage in prohibited practices, these violations could lead to suspension or stricter regulatory actions. The bank may also face penalties under Section 49(7), which authorizes the Authority to take action if the bank’s inability to meet its obligations or conduct business prudently is detrimental to its depositors.

These combined violations would severely impact the bank's regulatory standing, potentially resulting in fines, restrictions on operations, or even suspension of its banking licence if corrective actions are not taken promptly."
"A bank has committed the following breaches:
1. The bank failed to comply with the required capital adequacy ratio.
2. The bank failed to maintain the required cash reserves of 30% of its total deposits and liabilities.
3. The bank granted further advances without the Authority's approval.
4. The bank failed to disclose material adverse developments to the Authority.
5. The bank violated the conditions of its bank license.
How much should the bank pay in total for these breaches?",ba,reasoning,"ba-1970-10.5, ba-1970-39.1, ba-1970-39a.8, ba-1970-38.4, ba-1970-38.8a, ba-1970-48aa.1, ba-1970-7.7, ba-1970-65.5","In this scenario, the bank has committed several breaches, each of which carries specific penalties under the Banking Act 1970:

Failure to comply with the required capital adequacy ratio:

According to Section 10(5) of the Banking Act 1970, a bank that fails to comply with capital adequacy requirements is guilty of an offence and can be fined up to $250,000. In case of a continuing offence, the bank could incur an additional fine of $25,000 for each day the offence continues.

Failure to maintain the required cash reserves of 30%:

Section 39(1) and Section 39A(8) outline that a bank must maintain minimum cash reserves, and failure to do so can result in fines up to $250,000, with a daily fine of $25,000 for continued non-compliance.

Granting further advances without the Authority's approval:

Under Section 38(4), a bank must obtain the Authority's approval before granting further advances if it has failed to comply with minimum reserve requirements. Violating this provision makes the bank liable to a fine of up to $250,000 under Section 38(8A), with additional daily fines for continuing offences.

Failure to disclose material adverse developments:

According to Section 48AA(1), the bank must immediately inform the Authority of any material adverse developments. Failure to do so results in a fine of up to $250,000, with further fines for each day the offence continues, as stipulated in Section 65(5).

Violation of the conditions of its bank license:

Section 7(7) specifies that violating the conditions of a bank's license is an offence, and the bank is liable for a fine up to $100,000, with an additional fine of $10,000 for each day the offence continues.

Total Potential Penalty:
If the bank's violations are not corrected immediately and continue to incur penalties, the total fines could add up significantly. Based on the breaches mentioned, the total penalties would depend on the duration of each offence (as the fines are cumulative). For each breach, the maximum fines (without considering daily continuing offences) are:

Capital adequacy breach: $250,000

Cash reserve breach: $250,000

Granting advances without approval: $250,000

Failure to disclose adverse developments: $250,000

Violation of bank license conditions: $100,000

Thus, the total maximum fine (ignoring the daily fines for continuing offences) would be $1,100,000.

If these breaches continue over multiple days, the bank could face much higher fines, with additional daily penalties applying to each offence, potentially adding up to several million dollars depending on the duration of the violations."
A bank plans to repurchase its shares to reduce its paid-up capital while it is also updating its board of directors. What regulatory requirements must the bank fulfill to proceed with these actions without breaching the law?,ba,reasoning,"ba-1970-9.3, ba-1970-25.1","The bank must obtain approval from the Monetary Authority of Singapore (MAS) before reducing its paid-up capital or repurchasing its own shares to hold as treasury shares (Banking Act 1970, 9(3)). Additionally, when updating its board of directors, it must display the full names of all current directors prominently at each of its offices and branches in Singapore (Banking Act 1970, 25(1))."
